{"cameraMode":{"drawMode":0,"name":"Shaded","section":"Shading Mode"},"sceneLighting":false,"audioPlay":false,"sceneViewState":{"showFog":true,"showMaterialUpdate":false,"showSkybox":false,"showFlares":true,"showImageEffects":true,"showParticleSystems":true},"in2DMode":false,"pivot":{"x":0.05339515209197998,"y":0.45794838666915896,"z":0.30349600315093996},"rotation":{"x":-0.22302275896072389,"y":0.39200201630592348,"z":-0.09856285899877548,"w":-0.8870872855186462},"size":12.514300346374512,"orthographic":true}