{"cameraMode":{"drawMode":0,"name":"Shaded","section":"Shading Mode"},"sceneLighting":false,"audioPlay":false,"sceneViewState":{"showFog":true,"showMaterialUpdate":false,"showSkybox":false,"showFlares":true,"showImageEffects":true,"showParticleSystems":true},"in2DMode":false,"pivot":{"x":-0.3977542519569397,"y":0.796151876449585,"z":-0.14455336332321168},"rotation":{"x":-0.019382771104574205,"y":0.962989091873169,"z":0.07206139713525772,"w":0.2590666711330414},"size":2.1356213092803957,"orthographic":false}